creative_id,campaign_id,y_fatigued,oof_p_fatigue
500000,20000,0,0.0013218509782887504
500001,20000,1,0.7777915807556742
500002,20000,1,0.9482312644474109
500003,20000,0,0.029191646797901902
500004,20000,0,0.0336222957170489
500005,20000,0,0.7397611013283973
500006,20001,0,0.0005151806253048837
500007,20001,0,0.007767782307420136
500008,20001,0,0.0014001418973011107
500009,20001,0,0.00022627028944918385
500010,20001,0,0.0022400844641000004
500011,20001,0,0.0014138729825626266
500012,20002,0,0.002032662218770847
500013,20002,0,0.0006894706275265745
500014,20002,0,0.001037431679148623
500015,20002,0,0.0005379408163441371
500016,20002,0,0.014742497490782798
500017,20002,0,0.0007900495619576324
500018,20003,0,0.003566156789286478
500019,20003,0,0.04050419118621145
500020,20003,0,0.028836384806114067
500021,20003,0,0.0010825241876752556
500022,20003,0,0.003665105336490926
500023,20003,1,0.9920050809659959
500024,20004,0,0.008129345443169154
500025,20004,0,0.014066550915688631
500026,20004,0,0.0038024972808935837
500027,20004,0,0.0028314939838498723
500028,20004,0,0.0021194341436040934
500029,20004,0,0.0020405600533758258
500030,20005,1,0.9599125482281032
500031,20005,0,0.0009127498697578669
500032,20005,0,0.021793524878762068
500033,20005,0,0.0017246226602862479
500034,20005,0,0.0007616089491947752
500035,20005,0,0.0012184324165510423
500036,20006,1,0.9913546764975122
500037,20006,1,0.08495350089021979
500038,20006,0,0.05470333022284679
500039,20006,1,0.9771781855061178
500040,20006,1,0.9871558733778614
500041,20006,0,0.3711723735010109
500042,20007,0,0.0023331665840109496
500043,20007,0,0.00946472254678183
500044,20007,0,0.0019021452734977664
500045,20007,0,0.5416017215456671
500046,20007,0,0.0013765595779777046
500047,20007,0,0.0013728839545169176
500048,20008,0,0.002779155865140929
500049,20008,0,0.0002617006812877467
500050,20008,0,0.0006017844857005883
500051,20008,0,0.000644979969769805
500052,20008,0,0.0003197770552512419
500053,20008,0,0.001972210464361592
500054,20009,1,0.894997224642405
500055,20009,0,0.024855681684541667
500056,20009,1,0.9931425514165901
500057,20009,0,0.14094096541915763
500058,20009,0,0.02243903667507332
500059,20009,1,0.5849168945439794
500060,20010,0,0.006481465146220776
500061,20010,0,0.005267615957827058
500062,20010,0,0.07318235847848494
500063,20010,0,0.0373080617956354
500064,20010,0,0.24593854241771304
500065,20010,0,0.0009908054584281062
500066,20011,0,0.4072109274622592
500067,20011,0,0.0018223448194987263
500068,20011,0,0.007578795531982726
500069,20011,0,0.48554172564492276
500070,20011,1,0.7664824840073027
500071,20011,0,0.00045903616603578095
500072,20012,0,0.17741098824607365
500073,20012,0,0.0012543171402894168
500074,20012,1,0.9898477634148913
500075,20012,0,0.30939140123248965
500076,20012,0,0.045988975985453005
500077,20012,0,0.15943637794210064
500078,20013,0,0.0006622159317954577
500079,20013,0,0.00010274230336573268
500080,20013,0,0.015638902050832484
500081,20013,0,0.002320025779647784
500082,20013,0,0.005644170762371533
500083,20013,0,0.03423782990840514
500084,20014,0,0.0008721584655029406
500085,20014,0,0.0015870545515081446
500086,20014,0,0.010891531700699173
500087,20014,1,0.038067923748456814
500088,20014,0,0.008665901652295423
500089,20014,0,0.017896623554352613
500090,20015,0,0.005910868561006355
500091,20015,0,0.0352815807120156
500092,20015,0,0.7174987114620529
500093,20015,0,0.42193953530889583
500094,20015,0,0.00510292722869998
500095,20015,0,0.0010050143940329409
500096,20016,0,0.0015073229465472492
500097,20016,0,0.0009571548599249745
500098,20016,0,0.7565864340798936
500099,20016,0,0.005426909691968326
500100,20016,0,0.00023649212931386914
500101,20016,0,0.003869330057131987
500102,20017,0,0.03837036770900305
500103,20017,0,0.00022971389091892806
500104,20017,0,0.003405177652680588
500105,20017,0,0.060745534176931286
500106,20017,0,0.6948397099213358
500107,20017,0,0.015628868100537645
500108,20018,0,0.005515346064585055
500109,20018,0,0.05031313834530321
500110,20018,0,0.0204332122940721
500111,20018,0,0.03460373462066867
500112,20018,1,0.9898675049406278
500113,20018,1,0.38548127804238724
500114,20019,1,0.5647086328049945
500115,20019,0,0.0319974012506268
500116,20019,0,0.49742430836279383
500117,20019,0,0.003344711994619389
500118,20019,1,0.19378409062384255
500119,20019,0,0.026533465143793063
500120,20020,0,0.0013341663936331345
500121,20020,0,0.00013406903472375895
500122,20020,0,0.0013718243391893643
500123,20020,0,0.00036836999280082165
500124,20020,0,0.0003521841234071984
500125,20020,0,0.002766283453357503
500126,20021,0,0.0069017455066804085
500127,20021,1,0.2389564936661542
500128,20021,1,0.9524368398814487
500129,20021,0,0.007401002282706171
500130,20021,0,0.021747020056561962
500131,20021,0,0.789113305777755
500132,20022,0,0.0010132546395420993
500133,20022,0,0.006180737800635626
500134,20022,0,0.020110183955694416
500135,20022,1,0.7372988421648469
500136,20022,0,0.18804933039918062
500137,20022,0,0.006246361042035154
500138,20023,0,0.0013613107676527846
500139,20023,0,0.19348203026214938
500140,20023,0,0.0018877599179795805
500141,20023,0,0.015399224498976391
500142,20023,0,0.0012860812600051551
500143,20023,0,0.0012072175915425769
500144,20024,0,0.5826248329232246
500145,20024,1,0.05367359432793855
500146,20024,0,0.026512355325845702
500147,20024,0,0.03261386699924622
500148,20024,1,0.9894788827358458
500149,20024,0,0.09205287691497457
500150,20025,0,0.0024208424659571187
500151,20025,0,0.033051403874236905
500152,20025,0,0.004409512893619121
500153,20025,0,0.12840439077474455
500154,20025,0,0.0020907920384638265
500155,20025,0,0.003826648116476594
500156,20026,0,0.00796236084720311
500157,20026,1,0.00427881217898961
500158,20026,0,0.003983662046716559
500159,20026,0,0.07467101968300853
500160,20026,0,0.0035471669978905693
500161,20026,0,0.0016561343534202686
500162,20027,0,0.20273167950168017
500163,20027,0,0.039444555120947855
500164,20027,1,0.14219739682569085
500165,20027,0,0.0037020968970398888
500166,20027,1,0.4515987949333693
500167,20027,0,0.12846314847168794
500168,20028,0,0.03263662466473604
500169,20028,0,0.0007464220452959285
500170,20028,0,0.0004766240194432702
500171,20028,0,0.0018336680536708589
500172,20028,0,0.0009931439466777014
500173,20028,0,0.00016870716132740126
500174,20029,0,0.03387271854490693
500175,20029,0,0.000553020472176603
500176,20029,0,0.013171323595435472
500177,20029,0,0.003590540377335139
500178,20029,0,0.012127128522222579
500179,20029,0,0.0014906234269862894
500180,20030,1,0.7024707803125929
500181,20030,1,0.8013485146587102
500182,20030,1,0.3841290962213628
500183,20030,1,0.9768270787501335
500184,20030,1,0.9787822821659188
500185,20030,1,0.9968921098803303
500186,20031,0,0.0006616412567820753
500187,20031,0,0.00014347524373735192
500188,20031,0,0.00025072358880865266
500189,20031,0,0.44031538840542583
500190,20031,0,0.0004927477518058157
500191,20031,0,0.0007149807226499703
500192,20032,0,0.007288898452804979
500193,20032,0,0.011954835542649513
500194,20032,0,0.0020957400084295028
500195,20032,0,0.003915973603137612
500196,20032,0,0.015145668909123241
500197,20032,0,0.023497228630558472
500198,20033,1,0.4012743304438225
500199,20033,0,0.08073706220633241
500200,20033,0,0.00029425948093223534
500201,20033,0,0.006429604902159456
500202,20033,0,0.004113934406503776
500203,20033,0,0.02136985722952508
500204,20034,0,0.006176067708167422
500205,20034,0,0.06094568236064187
500206,20034,0,0.006553970332279734
500207,20034,1,0.8279384525877778
500208,20034,0,0.018163247575590867
500209,20034,0,0.023193855366307213
500210,20035,0,0.0008469956570549874
500211,20035,0,0.07750804625972069
500212,20035,0,0.013236150487312606
500213,20035,0,0.1318127527989129
500214,20035,0,0.34165959691788766
500215,20035,1,0.18584218567957608
500216,20036,0,0.0249036141894351
500217,20036,0,0.029616936918481405
500218,20036,0,0.23010252064885725
500219,20036,0,0.024024189532003484
500220,20036,1,0.7573356367845129
500221,20036,0,0.00958787248739021
500222,20037,0,0.0005504094735271283
500223,20037,0,0.0005921105083774367
500224,20037,0,0.001208242209317065
500225,20037,0,0.013388686934406964
500226,20037,0,0.47768458405794423
500227,20037,0,0.00013881128438681027
500228,20038,0,0.00044779986877859103
500229,20038,0,0.002145419515390196
500230,20038,0,0.0012030240799962208
500231,20038,0,0.0010255509795023018
500232,20038,0,0.0001458950921305296
500233,20038,0,0.0014659114167034667
500234,20039,0,0.5655083885644263
500235,20039,1,0.9755430638499173
500236,20039,0,0.07346864702940493
500237,20039,0,0.015107680844215828
500238,20039,0,0.029934967195479206
500239,20039,0,0.018588875149404667
500240,20040,0,0.0012007571267504454
500241,20040,0,0.10200404041183406
500242,20040,1,0.9814302242521107
500243,20040,0,0.0008125410960067119
500244,20040,0,0.0005876109428067284
500245,20040,0,0.11186720370135184
500246,20041,0,0.001165581884884484
500247,20041,1,0.12598981587774777
500248,20041,0,0.013958041720454296
500249,20041,0,0.0021089649646495955
500250,20041,0,0.047832246171758026
500251,20041,0,0.0019492354877535625
500252,20042,1,0.897244890610113
500253,20042,0,0.23834446240286028
500254,20042,1,0.9624006727102479
500255,20042,1,0.27420863167157944
500256,20042,0,0.09020600325304366
500257,20042,0,0.007851440254771717
500258,20043,0,0.06516300648451287
500259,20043,0,0.08845766665453049
500260,20043,0,0.007667756509828626
500261,20043,0,0.308697096209519
500262,20043,0,0.20241996204724563
500263,20043,0,0.0014023885590112358
500264,20044,0,0.0006707167482693265
500265,20044,0,0.06803136089189736
500266,20044,0,0.015289985835434006
500267,20044,0,0.0012497519949761396
500268,20044,0,0.002350603454810703
500269,20044,0,0.02221170316879178
500270,20045,1,0.5322683712005611
500271,20045,0,0.02414608367862351
500272,20045,1,0.9387155032006681
500273,20045,0,0.09182703829525354
500274,20045,1,0.49876230637789043
500275,20045,0,0.025224175608721686
500276,20046,0,0.002079889927198707
500277,20046,0,0.41520051973838024
500278,20046,0,0.002794922880787231
500279,20046,0,0.08390942835550352
500280,20046,0,0.0001431920910210773
500281,20046,1,0.028693702852395607
500282,20047,0,0.0030306326601762254
500283,20047,0,0.0002614440977057548
500284,20047,0,0.001063067884040686
500285,20047,0,0.00046639881724426063
500286,20047,0,0.0003572299176678019
500287,20047,0,0.0005705564544715101
500288,20048,0,0.9565517223762192
500289,20048,0,0.04542542240053297
500290,20048,1,0.27915734254740043
500291,20048,0,0.39024561164787186
500292,20048,1,0.9132091508443807
500293,20048,1,0.9970250528507991
500294,20049,0,0.004532437288165593
500295,20049,0,0.04122417906884766
500296,20049,0,0.00999656131949312
500297,20049,0,0.0020831906811477887
500298,20049,0,0.03868435932632912
500299,20049,0,0.0014604690383319564
500300,20050,0,0.0006801433740674784
500301,20050,0,0.003093197469210749
500302,20050,0,0.001548670929452946
500303,20050,0,0.0009639324417284942
500304,20050,0,0.006900026426487189
500305,20050,0,0.003613219074683103
500306,20051,0,0.05589629335173314
500307,20051,0,0.12555131210840278
500308,20051,0,0.8004886280814291
500309,20051,0,0.04373267510133479
500310,20051,0,0.09137300537321864
500311,20051,0,0.011102761977202705
500312,20052,1,0.8982703775915876
500313,20052,0,0.0004780993669599476
500314,20052,1,0.9732390459081254
500315,20052,0,0.0018796678414258973
500316,20052,0,0.0006982817617013106
500317,20052,0,0.006915526199161939
500318,20053,0,0.0170544584369065
500319,20053,0,0.007483981891955734
500320,20053,1,0.6075570817754514
500321,20053,0,0.04369836523395697
500322,20053,0,0.012387074942611943
500323,20053,1,0.06112935928300585
500324,20054,0,0.5109013179479122
500325,20054,0,0.6447913879390876
500326,20054,1,0.9680376720141797
500327,20054,0,0.02042586209775384
500328,20054,0,0.05940015663729349
500329,20054,0,0.4434900943969489
500330,20055,0,0.18609522635928752
500331,20055,0,0.0009704381905621071
500332,20055,0,0.0012151127108880023
500333,20055,0,0.0008501099970953187
500334,20055,0,0.0004438322675012737
500335,20055,0,0.00035023965160508415
500336,20056,0,0.004970849680240814
500337,20056,0,0.8018483963403412
500338,20056,0,0.001599444660117726
500339,20056,0,0.005138305869144711
500340,20056,0,0.0010775594484508713
500341,20056,0,0.039263062434040666
500342,20057,0,0.00401640949485079
500343,20057,0,0.882088740343182
500344,20057,0,0.18075602407712793
500345,20057,0,0.24259293104563462
500346,20057,0,0.0043851486917979516
500347,20057,0,0.1005819316487482
500348,20058,1,0.30460959824519934
500349,20058,0,0.020505885341996866
500350,20058,0,0.00018566584236684845
500351,20058,0,0.19238643112323803
500352,20058,0,0.9604204094009837
500353,20058,0,0.007348986207406252
500354,20059,0,0.03884415664615066
500355,20059,0,0.12531782122568724
500356,20059,0,0.01476929496632022
500357,20059,0,0.0003102389088777988
500358,20059,0,0.0016855494562177315
500359,20059,0,0.0012594988040223408
500360,20060,0,0.2450339059714357
500361,20060,1,0.9849519923950016
500362,20060,0,0.8283040873626075
500363,20060,1,0.9947895957354305
500364,20060,0,0.7496089053921475
500365,20060,1,0.8882833141449713
500366,20061,0,0.0006534326900134338
500367,20061,0,0.001000096153331106
500368,20061,0,0.001089720028239274
500369,20061,0,0.0009456578243757216
500370,20061,0,0.0016896067587544694
500371,20061,0,0.0016062966688102167
500372,20062,0,0.013289653203118288
500373,20062,0,0.0014702761696443597
500374,20062,0,0.002258710798172074
500375,20062,0,0.0029386622733057334
500376,20062,0,0.0037291228658126404
500377,20062,0,0.000789702471385997
500378,20063,0,0.0004952977967555367
500379,20063,0,0.0008588819675231025
500380,20063,0,0.8692909980472687
500381,20063,0,0.006603964725071998
500382,20063,0,0.0008186813199455148
500383,20063,1,0.3303425498166462
500384,20064,0,0.003451534547058201
500385,20064,1,0.9168330855142656
500386,20064,0,0.004354764241233498
500387,20064,0,0.11430786508343879
500388,20064,0,0.003966837281773406
500389,20064,0,0.0008616495552763703
500390,20065,1,0.625069599670493
500391,20065,1,0.9303361951634713
500392,20065,1,0.8736551326033648
500393,20065,0,0.1763427238390679
500394,20065,0,0.03823234119887317
500395,20065,0,0.0016602793258866275
500396,20066,1,0.8864180725000979
500397,20066,0,0.3584652980965693
500398,20066,0,0.2366798761409899
500399,20066,1,0.06772485622421026
500400,20066,1,0.776897631363129
500401,20066,1,0.9575352068070807
500402,20067,0,0.004107657611138158
500403,20067,0,0.05231609644804158
500404,20067,0,0.0721952799311608
500405,20067,0,0.002518317000613775
500406,20067,0,0.33665570999692673
500407,20067,1,0.9586158545081412
500408,20068,0,0.0007641525589597688
500409,20068,0,0.0027508554097691973
500410,20068,0,0.004750927759836946
500411,20068,0,0.00706853482847855
500412,20068,0,0.002533224341418999
500413,20068,0,0.0008688948080992116
500414,20069,1,0.7653158217925936
500415,20069,1,0.7131976219367224
500416,20069,1,0.8435172775482545
500417,20069,0,0.06822764608938096
500418,20069,0,0.4915084263362513
500419,20069,0,0.3062754299744993
500420,20070,0,0.00027711984785194
500421,20070,0,0.003545628983954859
500422,20070,0,0.005896114346651155
500423,20070,0,0.015575070650476357
500424,20070,0,0.005950039862008276
500425,20070,0,0.0001099361880217403
500426,20071,1,0.9781198177229895
500427,20071,0,0.0016368389567166645
500428,20071,0,0.00498314584258683
500429,20071,0,0.0021652450673518603
500430,20071,0,0.38211815777395525
500431,20071,0,0.0005411582844222785
500432,20072,0,0.019320996210572195
500433,20072,0,0.015414230910751699
500434,20072,0,0.3413391946760119
500435,20072,1,0.9799903890936025
500436,20072,1,0.9867101911603852
500437,20072,0,0.053436434709598093
500438,20073,0,0.002270154676864241
500439,20073,1,0.964868168362518
500440,20073,0,0.027173189575329933
500441,20073,0,0.00013014297884314098
500442,20073,0,6.723885464016802e-05
500443,20073,0,0.0009576265646577776
500444,20074,0,0.00036428821067945044
500445,20074,0,0.0012641988297464898
500446,20074,0,0.0005901199573116655
500447,20074,0,0.0012958645771082398
500448,20074,0,0.0020820691214119484
500449,20074,0,0.006232247603379059
500450,20075,0,0.018817681312299748
500451,20075,0,0.09213349223937507
500452,20075,0,0.005014184163004536
500453,20075,1,0.1813794435765713
500454,20075,0,0.7757784832979514
500455,20075,0,0.42547181718444055
500456,20076,0,0.0013524105480856783
500457,20076,0,0.0016019813909631923
500458,20076,1,0.7800437762716262
500459,20076,1,0.49040234509972674
500460,20076,0,0.0008816908938512209
500461,20076,0,0.018141549607689777
500462,20077,0,0.06761132417150682
500463,20077,0,0.020247656492087183
500464,20077,0,0.006505991882204289
500465,20077,0,0.01948691679185396
500466,20077,0,0.0019302025622003757
500467,20077,0,0.008420659810205627
500468,20078,1,0.4046854017847125
500469,20078,0,0.005044087249639894
500470,20078,0,0.05561354108939103
500471,20078,1,0.9935192715321025
500472,20078,1,0.9920441132092145
500473,20078,0,0.11974096007762666
500474,20079,0,0.048861642240935116
500475,20079,0,0.21218359558300928
500476,20079,0,0.026921763603700407
500477,20079,0,0.016365402102787016
500478,20079,0,0.017279531683857784
500479,20079,0,0.012818896629085549
500480,20080,1,0.08514682886174023
500481,20080,0,0.018590405703604675
500482,20080,0,0.0013515840795088648
500483,20080,0,0.0035707622141124577
500484,20080,0,0.009383989331526761
500485,20080,0,0.002320421760574984
500486,20081,1,0.6803557999244926
500487,20081,1,0.97507915394387
500488,20081,0,0.2321265852530047
500489,20081,1,0.9943481434361223
500490,20081,0,0.0008204575379712054
500491,20081,1,0.990332647371805
500492,20082,0,0.0004143956333725629
500493,20082,0,0.0011552649505891814
500494,20082,0,0.00029357453788596516
500495,20082,0,0.0005734651236543065
500496,20082,0,0.0032717310405382697
500497,20082,0,0.10545307316878319
500498,20083,0,0.025807490303901164
500499,20083,0,0.012758179003056123
500500,20083,0,0.002379775460582259
500501,20083,1,0.7308888584706784
500502,20083,0,0.012822061735055791
500503,20083,0,0.0053564360566252045
500504,20084,1,0.8931852202709394
500505,20084,0,0.0777627713381129
500506,20084,1,0.8987364000364251
500507,20084,0,0.011310622813662394
500508,20084,0,0.13978239492660086
500509,20084,1,0.8156032212260702
500510,20085,0,0.0009691668465815187
500511,20085,0,0.004737735192022159
500512,20085,0,0.10932634939055198
500513,20085,0,0.028576549468765818
500514,20085,0,0.15846894980862078
500515,20085,0,0.003261520033375452
500516,20086,0,0.011789206017099027
500517,20086,0,0.0034249773113903606
500518,20086,0,0.004237302609915669
500519,20086,0,0.0020815762916707743
500520,20086,1,0.25554577657462846
500521,20086,0,0.0025835047432865702
500522,20087,0,0.001376399966393844
500523,20087,0,0.009265225687711973
500524,20087,1,0.9311616920136204
500525,20087,0,0.004871532578889148
500526,20087,0,0.010055281636286545
500527,20087,0,0.008107862060725153
500528,20088,0,0.00022416009724490058
500529,20088,0,0.006007465794115305
500530,20088,0,0.09000403300250787
500531,20088,0,0.11186037782446193
500532,20088,0,0.0001986609895978335
500533,20088,0,0.0005571336447931295
500534,20089,0,0.0004570194114808255
500535,20089,0,0.003948372432043651
500536,20089,0,0.0405232757484948
500537,20089,0,0.00043751901387797666
500538,20089,0,0.0011250721897055932
500539,20089,0,0.8506488577046452
500540,20090,0,0.006496866496411279
500541,20090,0,0.28348250978054074
500542,20090,0,0.8031921275845443
500543,20090,0,0.3391262539187903
500544,20090,0,0.26464386114243693
500545,20090,1,0.22965973105504967
500546,20091,0,0.001477017952471418
500547,20091,0,0.002372959195435583
500548,20091,0,0.0014931268879027119
500549,20091,0,0.02748804775906991
500550,20091,0,0.0002528313323130524
500551,20091,0,0.0007697953213526318
500552,20092,0,0.005108795799562449
500553,20092,0,0.0004495403460548119
500554,20092,0,0.006155775505391052
500555,20092,0,0.005163325933770576
500556,20092,0,0.033793433305708644
500557,20092,0,0.0033796585725029975
500558,20093,0,0.006216298345432459
500559,20093,1,0.9753275385377455
500560,20093,0,0.004588490931323304
500561,20093,1,0.4985319865365572
500562,20093,1,0.9891258209874046
500563,20093,1,0.8163494885614876
500564,20094,0,0.03919071012135763
500565,20094,1,0.9711897087375406
500566,20094,0,0.01883211364925167
500567,20094,0,0.0003661459321727628
500568,20094,0,0.016893179195557956
500569,20094,1,0.891035041133094
500570,20095,0,0.01741891021822714
500571,20095,0,0.00179424008795593
500572,20095,0,0.029983262793058584
500573,20095,1,0.28405170210508796
500574,20095,0,0.00466307351618583
500575,20095,1,0.15716102106767374
500576,20096,0,0.09353061649826169
500577,20096,0,0.3380007092285856
500578,20096,0,0.0022356020216464886
500579,20096,0,0.5668856862775262
500580,20096,0,0.9609092519280593
500581,20096,0,0.4312595119658219
500582,20097,0,0.00022372156170897886
500583,20097,0,0.0026674864659383193
500584,20097,0,0.005069708884867335
500585,20097,0,0.014150650459115878
500586,20097,0,0.0011982853798187035
500587,20097,0,0.002673381062122635
500588,20098,0,0.0006308976683608205
500589,20098,0,0.0008938482337322685
500590,20098,0,0.003090375414226269
500591,20098,0,0.012441482766969459
500592,20098,1,0.07663152784137388
500593,20098,0,0.0002505835518550671
500594,20099,1,0.8394024073642025
500595,20099,0,0.002200475026045308
500596,20099,1,0.4165016217462553
500597,20099,1,0.6472188472194706
500598,20099,1,0.9966997243594363
500599,20099,0,0.9326590271112689
500600,20100,0,0.16770759159052634
500601,20100,0,0.15988600483868226
500602,20100,1,0.3542323642467095
500603,20100,0,0.027520078031335063
500604,20100,0,0.009055341213592765
500605,20100,0,0.0016294990683971607
500606,20101,0,0.0027373270494186514
500607,20101,0,0.40227707693995207
500608,20101,0,0.002124711138162194
500609,20101,0,0.4342929908513278
500610,20101,0,0.00452812644120379
500611,20101,1,0.5024346382127552
500612,20102,0,0.00881649966111295
500613,20102,1,0.7729614600395506
500614,20102,1,0.9945563028704615
500615,20102,1,0.9907995430146045
500616,20102,0,0.14117838805739102
500617,20102,1,0.9738979284605247
500618,20103,0,0.012980954808901907
500619,20103,0,0.0004373190428831598
500620,20103,0,0.006527867606853145
500621,20103,0,0.3540646244742866
500622,20103,0,0.0005546106418262308
500623,20103,0,0.0006053104452875878
500624,20104,1,0.5576608889706671
500625,20104,0,0.0028162738711952798
500626,20104,0,0.00200333543487792
500627,20104,0,0.001927014590803136
500628,20104,0,0.001276120668862155
500629,20104,0,0.004353981146672525
500630,20105,0,0.0012489100050172965
500631,20105,0,0.0037471212050422475
500632,20105,1,0.9941362505899491
500633,20105,0,0.0066388444830074965
500634,20105,0,0.004929935081958026
500635,20105,0,0.0004278175335860729
500636,20106,0,0.02683085867482699
500637,20106,0,0.004368566940722499
500638,20106,0,0.0005871348105828609
500639,20106,1,0.7745271545323018
500640,20106,0,0.0008821889052185099
500641,20106,0,0.0005029396297079516
500642,20107,1,0.5367635121089298
500643,20107,0,0.0016201327795057757
500644,20107,0,0.002973932545563267
500645,20107,0,0.007304290456712748
500646,20107,0,0.000867589217005787
500647,20107,0,0.024738170050630545
500648,20108,0,0.005994975770428921
500649,20108,1,0.4545465790480977
500650,20108,0,0.19279636711844586
500651,20108,0,0.0022026867033655712
500652,20108,1,0.9102034650757147
500653,20108,0,0.014298022999965115
500654,20109,0,0.0011308805081360442
500655,20109,0,0.0038727789240013094
500656,20109,0,0.0022252461509831775
500657,20109,0,0.002413727776630817
500658,20109,0,0.9201934825294354
500659,20109,0,0.0005055847839996795
500660,20110,0,0.011604363729175605
500661,20110,0,0.001948141889553395
500662,20110,0,0.004923011828997123
500663,20110,0,0.002508247809829574
500664,20110,0,0.0024752262303260413
500665,20110,0,0.00043291681584312693
500666,20111,0,0.09663320323814982
500667,20111,1,0.7080626786650165
500668,20111,1,0.9146586909598091
500669,20111,0,0.05106717014108786
500670,20111,0,0.012698886700126335
500671,20111,0,0.13168090628504295
500672,20112,0,7.638989012882917e-05
500673,20112,0,0.05256115040725522
500674,20112,0,0.0008220373107155493
500675,20112,0,0.0009983825663974345
500676,20112,0,0.07739690737613708
500677,20112,0,0.01446785689136138
500678,20113,0,0.011772645128940874
500679,20113,1,0.036642484430326826
500680,20113,1,0.978023925591824
500681,20113,0,0.0979386008113592
500682,20113,0,0.004894323931002493
500683,20113,1,0.22948235061861777
500684,20114,0,0.5896157427263304
500685,20114,0,0.08422821001839119
500686,20114,1,0.9988403674114551
500687,20114,1,0.997908737966332
500688,20114,1,0.9458274782028597
500689,20114,1,0.9916825889905498
500690,20115,0,0.030174617710301624
500691,20115,0,0.0001436484270210497
500692,20115,0,0.013841918354654826
500693,20115,0,0.001048415380037627
500694,20115,0,0.00013762364534836486
500695,20115,0,0.0008940137422994797
500696,20116,0,0.002432676193654695
500697,20116,0,0.0003856649151022097
500698,20116,0,0.0004756109201511275
500699,20116,0,0.00187677076012526
500700,20116,0,0.0023480091604415458
500701,20116,0,0.002267813007821993
500702,20117,0,0.06630661426822357
500703,20117,0,0.0153679277318277
500704,20117,0,0.32177258283153715
500705,20117,1,0.9714488178951787
500706,20117,0,0.011061662036371064
500707,20117,1,0.7113535875694749
500708,20118,1,0.8925054518795706
500709,20118,1,0.7258653980687062
500710,20118,0,0.00029253963836564596
500711,20118,1,0.5576376266975293
500712,20118,0,0.005637698598114896
500713,20118,0,0.0015272626127715763
500714,20119,0,0.009055390356904442
500715,20119,0,0.0009143087294829872
500716,20119,0,0.0005687396435452696
500717,20119,0,0.0010731890402039083
500718,20119,0,0.002785487765285213
500719,20119,0,0.0003529610267728615
500720,20120,1,0.9956006064755132
500721,20120,1,0.4147709693114836
500722,20120,1,0.9896156083675747
500723,20120,1,0.9845181110158442
500724,20120,0,0.09684606562907197
500725,20120,0,0.3009485168938297
500726,20121,0,0.0075840542899055195
500727,20121,0,0.0011759566044646376
500728,20121,0,0.2018323004760794
500729,20121,0,0.006193109932855257
500730,20121,0,0.00021171597828733766
500731,20121,0,0.0041804862655772995
500732,20122,0,0.005887274153190766
500733,20122,0,0.009259075038050584
500734,20122,0,0.002342535109819656
500735,20122,0,0.0007068603625492029
500736,20122,0,0.00022772507500383275
500737,20122,0,0.005690883730940652
500738,20123,1,0.8551175105388791
500739,20123,0,0.013508798855710746
500740,20123,0,0.0018969716336841905
500741,20123,0,0.0007891074264960205
500742,20123,0,0.014636929928736907
500743,20123,0,0.001098825815897239
500744,20124,0,0.00024387699842662677
500745,20124,0,4.314152488089591e-05
500746,20124,0,0.33470029165485904
500747,20124,0,0.04201189967113731
500748,20124,0,0.001122556148547225
500749,20124,0,0.029995327723572694
500750,20125,0,0.0011758140148327599
500751,20125,0,0.0010137585173635218
500752,20125,0,0.0008308901929903791
500753,20125,0,0.007283783277274303
500754,20125,0,0.009814014146864924
500755,20125,0,0.0016294569461884991
500756,20126,0,0.2140399071176078
500757,20126,0,0.07226801696702613
500758,20126,0,0.021497319666053546
500759,20126,0,0.7610183927965807
500760,20126,0,0.056141938253502104
500761,20126,0,0.0355179792008645
500762,20127,0,0.00011847599314591534
500763,20127,0,0.0015249498534432916
500764,20127,0,0.004144288235765809
500765,20127,0,0.0005458267242217205
500766,20127,0,0.0016996797882034113
500767,20127,1,0.11238637202428937
500768,20128,0,0.0021895335190838658
500769,20128,0,0.0006789693589890132
500770,20128,0,0.0011148515561121403
500771,20128,0,0.0025323893265376566
500772,20128,0,0.00025524972089318145
500773,20128,0,0.001264971322080141
500774,20129,1,0.9019470144076801
500775,20129,1,0.9896838219510046
500776,20129,0,0.004606301719107274
500777,20129,0,0.18129578025339943
500778,20129,0,0.06485904382890557
500779,20129,0,0.008862175136568005
500780,20130,0,0.04790125875803511
500781,20130,0,0.015513560227169203
500782,20130,1,0.13379349887675954
500783,20130,0,0.005168917075996106
500784,20130,0,0.002007069118721591
500785,20130,0,0.24180415733720156
500786,20131,0,0.01482331397948941
500787,20131,0,0.04545314452490541
500788,20131,0,0.08043034796314308
500789,20131,0,0.001252029447317506
500790,20131,0,0.0019181657884712528
500791,20131,0,0.0011607864590682153
500792,20132,0,0.0003277840787400308
500793,20132,1,0.9714155823132826
500794,20132,0,0.030032718932399984
500795,20132,0,0.016217108703931345
500796,20132,1,0.9971220396701729
500797,20132,0,0.022871673953514582
500798,20133,0,0.001281475827194712
500799,20133,0,0.000736316822953259
500800,20133,0,0.0018306390502282031
500801,20133,0,0.0006261529042765522
500802,20133,0,0.00046641935180417215
500803,20133,0,0.004319510606528728
500804,20134,0,0.004212434559142403
500805,20134,0,0.0034385664879933203
500806,20134,0,0.0007378229572339941
500807,20134,0,0.013713696528026644
500808,20134,0,0.013178847065427168
500809,20134,0,0.008801330896250407
500810,20135,0,0.005781901140810466
500811,20135,0,0.0032329746552878626
500812,20135,0,0.005871640933411093
500813,20135,1,0.8214546043313583
500814,20135,0,0.005105136639090742
500815,20135,0,0.04844698224201407
500816,20136,0,0.1587828148783084
500817,20136,0,0.6532599681634297
500818,20136,0,0.033802692288643625
500819,20136,0,0.0006052297989063475
500820,20136,0,0.00100579334771968
500821,20136,0,0.23743129033641264
500822,20137,1,0.0172954324765414
500823,20137,0,0.0005516567351287077
500824,20137,1,0.021559759936257143
500825,20137,0,0.002555184642391216
500826,20137,0,0.00298226549674745
500827,20137,0,0.009845222758208073
500828,20138,0,0.04400318962782095
500829,20138,1,0.9878114779579386
500830,20138,1,0.9950898378091091
500831,20138,1,0.9784626161184738
500832,20138,1,0.9991804757350413
500833,20138,1,0.9821097077790099
500834,20139,0,0.0037470644683184127
500835,20139,0,0.004414009976429574
500836,20139,0,0.0023807300090491414
500837,20139,0,0.0007798043506349548
500838,20139,0,0.00287711023809452
500839,20139,0,0.0006148973556050414
500840,20140,0,0.03236898624391906
500841,20140,0,0.002718460871779851
500842,20140,0,0.011646059404720395
500843,20140,0,0.0060343515239775014
500844,20140,0,0.012015214528844515
500845,20140,0,0.0007192082133002958
500846,20141,0,0.0007123429332670783
500847,20141,0,0.007366776561975158
500848,20141,0,0.05265219481264136
500849,20141,0,0.004897525762566505
500850,20141,0,0.0042438135186898375
500851,20141,0,0.01278961001489252
500852,20142,0,0.0006979442749230747
500853,20142,0,0.0007024888992851362
500854,20142,0,0.81799240523805
500855,20142,1,0.9404910506758545
500856,20142,0,0.00037702968749299783
500857,20142,0,0.0038159215258023126
500858,20143,0,0.016182707486338224
500859,20143,0,0.0038901327678844497
500860,20143,0,0.019282091593121803
500861,20143,1,0.6321212201028582
500862,20143,1,0.47702799871396473
500863,20143,0,0.42761021318810544
500864,20144,0,0.09973665827556405
500865,20144,1,0.9280688591355425
500866,20144,1,0.6142178603621012
500867,20144,0,0.09971918048700318
500868,20144,0,0.8237081205613545
500869,20144,0,0.006564831873020945
500870,20145,0,0.0021159416054894126
500871,20145,0,0.0003310851348075281
500872,20145,0,0.0008040776478043924
500873,20145,0,0.0017393759414256595
500874,20145,0,0.001023958918742852
500875,20145,0,0.35268355391354617
500876,20146,0,0.0014936131026452516
500877,20146,0,0.0026159843229595398
500878,20146,0,0.0004045656112798742
500879,20146,0,0.0012184126526763957
500880,20146,0,0.002133808231831985
500881,20146,0,0.0030636971320086768
500882,20147,0,0.025936944571076728
500883,20147,0,0.0019456832546660397
500884,20147,0,0.005619971983036873
500885,20147,0,0.018108994234758986
500886,20147,1,0.008235046765683337
500887,20147,1,0.8823778358651163
500888,20148,1,0.4439126696286696
500889,20148,0,0.0009037246187285333
500890,20148,0,0.0006251483111237172
500891,20148,0,0.013469845422007158
500892,20148,1,0.9782356447672804
500893,20148,0,0.003672907700231163
500894,20149,0,0.05414673736077287
500895,20149,0,0.017966071973177924
500896,20149,0,0.0023963999806116366
500897,20149,0,0.028695728932639077
500898,20149,0,0.0018368354945230995
500899,20149,0,0.0014924970746269545
500900,20150,1,0.7014135363714189
500901,20150,1,0.6441426378207179
500902,20150,0,0.7004196954482969
500903,20150,1,0.9948439378861501
500904,20150,0,0.0407269704001715
500905,20150,1,0.8850611202615832
500906,20151,0,0.0012871713957999802
500907,20151,0,0.016778647753486635
500908,20151,0,0.32529447147641444
500909,20151,0,0.001972333990055422
500910,20151,0,0.09008896118943992
500911,20151,1,0.8766788078356516
500912,20152,0,0.0015884999382321414
500913,20152,0,0.0003652133029817562
500914,20152,0,0.0016795285412165367
500915,20152,0,0.001495774028714642
500916,20152,0,0.7531070387508574
500917,20152,1,0.21175504922670388
500918,20153,0,0.01763208174054691
500919,20153,1,0.9771380978663061
500920,20153,0,0.00917329361587941
500921,20153,0,0.41175561765477237
500922,20153,0,0.0053440904293329036
500923,20153,0,0.030841234121214093
500924,20154,0,0.0008652007181428297
500925,20154,0,0.003740946319290415
500926,20154,0,0.0011536500102326923
500927,20154,0,0.004843918003096963
500928,20154,0,0.001086011235350401
500929,20154,0,0.0012489182168917816
500930,20155,0,0.00024548705419324583
500931,20155,0,0.0013664678693507473
500932,20155,0,0.0012955398897199306
500933,20155,0,0.000718666341947588
500934,20155,0,0.009981703337675852
500935,20155,1,0.6589576987798652
500936,20156,0,0.011176935350963457
500937,20156,1,0.9384078877579731
500938,20156,0,0.04419348517575807
500939,20156,0,0.0022021285588276606
500940,20156,1,0.9754798898827388
500941,20156,0,0.013090732836756554
500942,20157,0,6.885802906056894e-05
500943,20157,0,0.00021180947720125454
500944,20157,0,0.0010948171397954518
500945,20157,0,0.0037648802809947123
500946,20157,0,0.003984331410445347
500947,20157,0,0.00017663535574592276
500948,20158,0,0.0013785654499649108
500949,20158,0,0.00013046737365964044
500950,20158,0,0.0019771177596530926
500951,20158,0,0.00059882184864135
500952,20158,0,0.0004280911731122147
500953,20158,0,0.00013606421007285674
500954,20159,1,0.8982878348464487
500955,20159,0,0.014841755942396711
500956,20159,0,0.0218875261709876
500957,20159,1,0.8248577904167032
500958,20159,1,0.9724107754604281
500959,20159,0,0.8883697447848568
500960,20160,0,0.00773045260022565
500961,20160,0,0.032417495653133926
500962,20160,0,0.008991096824040128
500963,20160,1,0.1068651874748187
500964,20160,1,0.9682561806216701
500965,20160,0,0.0007797834714909999
500966,20161,0,0.0022389629316653986
500967,20161,0,0.2983799277138187
500968,20161,0,0.0015031796912115833
500969,20161,1,0.3732448592157819
500970,20161,0,0.0025743777103599723
500971,20161,0,0.0009406255293281443
500972,20162,1,0.9415940575669409
500973,20162,1,0.8887501384707498
500974,20162,0,0.07198217584365238
500975,20162,1,0.7383539855945219
500976,20162,1,0.8471096370302235
500977,20162,0,0.02688964698597167
500978,20163,1,0.30961531166066897
500979,20163,1,0.12225673387548708
500980,20163,0,0.001546922995180797
500981,20163,0,0.001106391340491446
500982,20163,1,0.9302208489954397
500983,20163,0,0.38791036164845244
500984,20164,0,0.0006794685354441645
500985,20164,0,0.006036063825921972
500986,20164,0,0.00010862025047668784
500987,20164,0,0.0076401514428423994
500988,20164,0,0.0007840026705183961
500989,20164,0,0.0005582807367371453
500990,20165,0,0.06888421376351248
500991,20165,0,0.00047943636701723623
500992,20165,0,0.11112679480019999
500993,20165,0,0.46579547201730076
500994,20165,0,0.014834523368996634
500995,20165,0,0.0022488393070524775
500996,20166,0,0.00724718995752931
500997,20166,0,0.00339891834376068
500998,20166,1,0.9908414597816636
500999,20166,0,0.02213150519320107
501000,20166,0,0.00468513991497532
501001,20166,0,0.31005102076324204
501002,20167,0,0.0008874234412282614
501003,20167,0,0.0029483459459422223
501004,20167,0,0.003840764679513599
501005,20167,0,0.007451060464529299
501006,20167,0,0.0011114131009387885
501007,20167,0,0.015192902587569867
501008,20168,1,0.7139639382142173
501009,20168,1,0.6545856134213328
501010,20168,1,0.12969156273269283
501011,20168,0,0.9741026623524222
501012,20168,1,0.993018777111577
501013,20168,1,0.6894511028842968
501014,20169,0,0.00011714891362810809
501015,20169,1,0.32174671157265317
501016,20169,0,0.0006882522181510651
501017,20169,0,0.005599164113723748
501018,20169,0,0.0003540997665021679
501019,20169,0,0.0011665314391026288
501020,20170,0,0.000859526119775257
501021,20170,0,0.0022543271086877073
501022,20170,0,0.0007806870326572419
501023,20170,0,0.007946193908732847
501024,20170,0,0.011436834535122663
501025,20170,0,0.003807406900838708
501026,20171,0,0.011328279235847631
501027,20171,0,0.006692213530981114
501028,20171,0,0.05641985558492668
501029,20171,1,0.8455617998322512
501030,20171,0,0.012085236089649962
501031,20171,0,0.009664731440492446
501032,20172,0,0.0016565102624321744
501033,20172,0,0.0009627645232096406
501034,20172,0,0.0002837132475194783
501035,20172,0,0.04232936337318184
501036,20172,0,0.0009438404013061025
501037,20172,0,0.006838292316889266
501038,20173,0,0.004813330351669533
501039,20173,0,0.00026259975616720526
501040,20173,0,0.009760531365895471
501041,20173,0,0.004199785185987828
501042,20173,0,0.03738112098093601
501043,20173,0,0.007182162441839813
501044,20174,1,0.978722137242711
501045,20174,0,0.6300946406640782
501046,20174,0,0.10001281755055162
501047,20174,0,0.002458093194386527
501048,20174,1,0.8651405176477232
501049,20174,0,0.01016318475803254
501050,20175,0,0.0019266587684823215
501051,20175,0,0.0014453420243962334
501052,20175,0,0.004109503377037911
501053,20175,0,0.002151651105163428
501054,20175,0,0.005833347445815126
501055,20175,0,0.0009346707277958661
501056,20176,0,0.000670796287450597
501057,20176,0,0.0007866664637481889
501058,20176,0,0.0021906616907288227
501059,20176,0,0.002208731487963817
501060,20176,0,0.004537595546966905
501061,20176,0,0.002373693728831053
501062,20177,1,0.9960159957328448
501063,20177,1,0.03259063950627011
501064,20177,0,0.013439734113377158
501065,20177,1,0.11485415088677838
501066,20177,0,0.002790056202601927
501067,20177,1,0.79266655553125
501068,20178,0,0.0009463142388553252
501069,20178,0,0.004832431762670088
501070,20178,0,0.0017445659591831166
501071,20178,0,0.0038704032083023976
501072,20178,1,0.18498522835234496
501073,20178,0,0.001123424287128128
501074,20179,1,0.5966091214838702
501075,20179,0,0.05838667264205668
501076,20179,0,0.10486760483029915
501077,20179,0,0.00074780490373089
501078,20179,0,0.0008673438283275967
501079,20179,0,0.012207606498810412
